N,PSNR_mean,SSIM_mean,LPIPS_mean,CLIPScore_mean,FID
2032,16.028487781182527,0.7234223111290631,0.21290228777660394,0.2730520533207129,
